node_id,landuse_type,area_sqm,longitude,latitude
000,4,31.716460096416995,233937.01632204317,902459.4778600859
001,4,256.6499502272345,233931.32727886495,902421.7294392677
002,0,115.91918146423995,234016.13865160185,902315.800740417
003,0,199.49857828440145,234084.16546974686,902238.2598084358
004,0,163.38640056736767,234564.9442642588,902243.1512471538
005,0,138.81507666083053,234062.09608558269,902238.4379363969
006,0,164.52242200489854,234316.67534864854,902236.8385575938
007,0,84.90840964205563,234181.33268029185,902243.3840803021
008,0,127.07971878070384,234069.07429084473,902237.4102366441
009,0,137.78784883674234,234324.5682305221,902237.2889977461
010,0,436.08551762485877,234116.55293847175,902232.352937028
011,0,143.01599428709596,234076.1003598989,902236.1608711937
012,0,219.01861287094653,234715.2592854798,902239.7562123638
013,0,247.0713013135828,234331.4336279438,902229.7628150912
014,0,225.00570839922875,234339.20992852224,902228.7119552991
015,0,107.12232042010874,234037.31805230622,902237.2680129815
016,4,1580.4681360982358,234437.47705211243,901808.8955777473
017,0,96.83180646272376,234498.30828970272,902104.3950920502
018,0,864.2201383870561,234227.645902647,902092.1790856256
019,1,138.10798275191337,234680.19308340937,902100.385098533
020,0,148.9342846861109,234576.51814924975,902103.5260251279
021,1,1714.0144896339625,234706.1100806766,902079.6664340107
022,0,385.77282983227633,234510.198150436,902094.7662787262
023,0,100.3174220584333,234126.0580206403,902103.1453990936
024,0,124.36077124346048,234437.81900570873,902101.1376509636
025,0,171.49554712651297,234159.405105467,902098.9498298335
026,0,241.01792729925364,234247.18781487024,902092.116347941
027,0,86.48959361482412,234398.53475958708,902099.3422512398
028,0,216.65977788716555,234596.30582452315,902097.3869666045
029,0,221.31471389904618,234120.26458413212,902096.6957926704
030,0,125.64168895978946,234256.88847943125,902094.9605235511
031,0,89.14765427354723,234408.21697834265,902097.6933623333
032,-1,907.2247091103345,234198.42016063686,902298.9977371446
033,0,201.76064209919423,234294.24932594618,902310.9182240071
034,0,208.2677778066718,234605.60489822246,902111.0036508507
035,0,82.84400633815676,234128.59121710822,902117.4780104206
036,0,155.31288998539094,234407.72021948846,902115.6452660839
037,0,222.96603128872812,234390.31172857445,902108.1599578875
038,0,65.07316865562461,234153.99511444438,902112.258061144
039,0,217.43890663329512,234439.4772545255,902111.9855461763
040,0,74.5403313478455,234158.4150823965,902111.6834022744
041,0,75.50485214265063,234163.08795207273,902110.6384770208
042,0,330.0395324283745,234541.89241021732,902109.5507208006
043,0,678.4342318417039,234641.82879071496,902106.2811656595
044,0,85.470028182026,234168.17642256393,902109.904073344
045,0,224.6644500112161,234449.47547949286,902101.7188234692
046,0,239.48178402660415,234173.5447091287,902101.4724444567
047,0,85.51666519232094,234127.77995383306,902112.707516231
048,4,318.39398652873933,233948.5820645197,902434.5764358738
049,4,420.9308250900358,233966.6032157726,902453.4001142625
050,1,461.9836600776762,233991.76478741487,902441.955764227
051,4,160.92251738673076,234004.29684603054,902445.5812808822
052,4,140.2035473641008,234011.86095341967,902444.1320553739
053,-1,1192.9650120325387,233962.08494247915,902421.4140355175
054,4,124.13752644695342,234067.52583807817,902436.2746023764
055,4,264.19943857367616,234120.6211259193,902426.6289727205
056,0,142.03304716851562,234004.91963953676,902430.8634794076
057,4,92.71481170970947,234142.53832453262,902424.8441014852
058,4,89.00384114077315,234148.6022350768,902423.8691645021
059,4,143.83826891053468,234153.9874406453,902418.9678229125
060,4,242.61705114878714,234162.2415342164,902417.4813009256
061,0,205.66834172792733,234037.65235212565,902422.6634904046
062,0,210.4857409166434,234061.58198492494,902420.8525690893
063,0,580.4875272875652,233983.71419497806,902411.4192986505
064,4,245.05329512339085,234172.68106680046,902416.0001308777
065,0,139.69022241327912,234003.1700136081,902421.9614326049
066,0,117.03299008309841,234072.74177911182,902419.1207129601
067,4,73.63079427252524,234184.05988582407,902422.2677339973
068,0,116.37458759266883,234097.24384391075,902417.3682150743
069,4,126.5418390892446,234206.07861050474,902412.480170466
070,4,154.87335607944988,234213.579543576,902410.9862253899
071,3,151.81327005801722,234115.16706459,902414.1406664103
072,0,156.7455456117168,234182.2472124105,902410.8479523793
073,0,437.003392836079,234039.14465949763,902409.6496696285
074,0,129.20982735976577,234001.3687323585,902413.5231202337
075,0,319.76087615377037,234221.95362812286,902400.9583024151
076,0,97.93883646372706,234143.6543954415,902413.0616169294
077,4,239.6051970612025,234235.41182472304,902401.0195776073
078,0,170.69182075932622,234096.806867278,902408.8768024193
079,0,158.97352388873696,234065.19736784947,902408.865398985
080,0,342.9935224428773,234114.0250316761,902401.2032105133
081,0,141.68250042200089,233999.75108247538,902405.0104659889
082,0,209.97544003464282,234148.49969557565,902403.8418703757
083,4,319.0994275943376,234281.27635702855,902396.0961309234
084,4,257.85525465151295,234291.2129522566,902392.0286546439
085,0,190.74872253648937,234061.56353563635,902401.3636648835
086,0,225.50498859537765,234300.93819388232,902394.80509353
087,0,216.9881540404167,234172.81540216354,902399.7813460676
088,0,164.2926279399544,234095.2143174971,902399.7074670158
089,0,175.42810831405222,234308.56832661698,902386.1204877455
090,0,133.04426083201542,234026.6375553137,902395.6975088654
091,0,174.2691734964028,234313.76247560256,902390.9846047525
092,0,177.24016617098823,234207.63491838044,902396.6693703772
093,4,169.87067508578184,234319.68660743654,902387.4087207059
094,0,140.48612505197525,234035.49797389316,902394.2266439163
095,0,78.61549415811896,233995.0878039239,902397.3385227883
096,0,205.8095763232559,234146.97915566497,902395.4858423867
097,0,112.3855814281851,234043.79558221463,902392.9323779731
098,0,46.49674626812339,234002.77161745736,902395.6291937205
099,0,108.25074568483979,234051.07086722043,902391.6580451295
100,4,360.55037197330967,234344.77306044628,902385.4077311562
101,0,107.2044905689545,234058.24448984067,902390.5023330649
102,0,269.7065924871713,234171.08815476674,902390.1043486475
103,0,145.38240433391184,234066.7266713467,902389.059860708
104,4,198.19719374459237,234355.5647522315,902383.5090500271
105,0,54.880285531748086,234089.31724810306,902392.9163666562
106,0,205.60087224794552,234363.33480230335,902382.2316791979
107,0,167.6127406032756,234097.30228331,902385.6285929518
108,4,231.32369358371943,234370.7075306277,902378.6956295513
109,0,166.0239826310426,234111.72608320485,902387.6631288697
110,0,201.41089230775833,234145.70037179757,902387.2388824599
111,0,229.20487551297992,234213.53785643738,902385.6966780482
112,0,974.5402881260961,233954.06029665773,902372.0199738513
113,0,64.01430433057249,234088.23855848605,902386.2228224046
114,0,229.36988393357024,234230.28430092012,902370.9441820747
115,0,156.06884051684756,234161.13435594714,902373.4557362293
116,0,189.7637549820356,234416.19659669424,902371.2868654749
117,0,218.92942029424012,234171.56908095983,902378.9481005914
118,0,250.41031605401076,234238.13593969235,902370.3062690811
119,0,87.38041814626195,234299.25628902047,902379.9417753041
120,-1,277.49787164945155,234423.82372084874,902370.0028272473
121,0,224.4394713578513,234139.3998646856,902376.7552373457
122,0,244.75766099011526,233972.6742873654,902368.5967702037
123,0,162.22577357059345,234110.17311146998,902378.8665051468
124,4,247.87730647041462,234537.0300340414,902078.708116031
125,0,514.7995377033949,234388.00532691597,902069.7421964047
126,0,650.8624469898641,234462.174639322,902053.1029359675
127,0,434.33421384962276,234391.25412249824,902040.8926276912
128,0,236.74132886435837,234511.69356290117,902041.0519564603
129,0,122.38408130919561,234379.6546966064,902036.8517736875
130,0,195.179698096239,234508.80834249762,902033.7846250581
131,4,553.2099722865969,234459.45559363125,902022.649102287
132,0,771.9221153451945,234480.48951862552,902019.496306664
133,0,259.74822727544233,234442.71660399853,902019.2208868758
134,0,128.63301833998412,234376.74741051483,902026.9258639831
135,0,204.98276762850583,234506.6948402709,902025.5446785446
136,0,235.20725868362933,234391.88762793966,902023.9824550431
137,0,126.59490779177577,234147.46453148694,902021.8869956745
138,0,166.322940165177,234501.68659939253,902016.8363922526
139,0,222.15188811765984,234212.21336259242,902378.365859448
140,0,447.1958725724835,234249.31902196578,902368.0928359035
141,1,486.68072160333395,234436.23038653465,902367.7062206268
142,0,253.94956004992127,233980.32042818435,902367.1971538337
143,0,39.30413058772683,234087.23317439517,902380.4413771325
144,0,139.54783459752798,234151.89574091887,902375.022950623
145,0,192.7107160257874,233993.94531456896,902374.8383491939
146,0,427.50940058822744,234284.5067314809,902362.0330040549
147,0,93.30999069812242,234197.81256645438,902369.100659704
148,0,371.7576486617327,234021.33429669403,902361.1274842025
149,0,96.5741320848465,234203.8664580854,902368.192232913
150,0,334.072438608855,234296.7744703659,902360.1903885319
151,-1,174.94477149192244,234482.69772595138,902369.0984106461
152,0,92.87245246814564,234209.8754191253,902367.1934626183
153,0,267.0981260559056,234031.66512674576,902359.6255431154
154,0,96.84835813660175,234215.8881615469,902366.1808892322
155,0,238.30364847555757,234311.21101905988,902365.6567508079
156,0,308.556959990412,234349.48386318373,902366.3618121381
157,0,110.17383665544912,234173.73608764174,902368.4046853798
158,4,185.47636520443484,234492.81300636372,902361.1266512405
159,0,102.18314093817025,234222.19099397704,902365.1111465321
160,4,226.9309672745876,234500.94651511175,902358.8368534973
161,3,912.6765046718065,234519.63314338203,902353.4168009075
162,0,99.26718470826745,233992.30935696576,902365.8552864763
163,0,144.92015765048563,234085.30423280626,902359.9726823788
164,0,262.5566148897633,234366.05003821276,902348.7892974867
165,0,190.83173228427768,234480.68574305443,902357.0408664055
166,0,220.18037033826113,233990.35363218954,902356.0780170351
167,0,226.7369428461534,234105.90301374544,902356.3851842078
168,0,137.96221898589283,234340.49575051756,902357.8104591029
169,0,238.2227155934088,234374.04868307526,902347.3660415509
170,0,560.4655246152543,234386.8289435454,902345.2310013631
171,0,185.16975966189057,234350.0475402984,902348.4544334677
172,0,191.0449384902604,234357.55885606728,902347.2439350043
173,0,4282.1957901176065,233954.50057011808,902315.1134051253
174,0,468.06272732419893,234403.25392177727,902342.3487481608
175,3,387.6761779929511,234416.94684324058,902340.122537037
176,0,153.5143773702439,234082.93322740713,902347.3832665654
177,0,104.80085764452815,234339.1470108773,902349.5691860557
178,-1,5466.792534107983,234651.03845860195,902316.0748719033
179,-1,1083.2777072805911,234483.84604863366,902331.6250226679
180,0,112.8941393615678,234308.03884417124,902346.4621410725
181,0,94.78265882562846,233988.55302651183,902346.4369475846
182,0,114.39706056192517,234337.73934623538,902342.1312310767
183,0,148.8777649514377,234021.1196804351,902341.4917412505
184,3,305.64575570169836,234196.78807387524,902334.7759901141
185,0,116.6801493652165,233987.24899369795,902339.9908851606
186,0,185.75695710256696,234207.29553087451,902331.8338782365
187,0,188.5535160084255,234214.87247926948,902330.4881779429
188,0,272.8688973709941,234222.52968237884,902325.9346592616
189,0,468.84492875478463,234505.54542748636,902324.9622673849
190,0,295.4424513923004,234231.7018964571,902324.4616411584
191,0,116.00271544605494,234019.71911220197,902334.5161630702
192,0,404.08733017835766,234242.96328670418,902322.6339690859
193,0,473.2512301867828,234520.71970249878,902322.4040270516
194,0,472.64886709023267,234257.00567989485,902320.2284602196
195,0,468.26342488109367,234535.9141129669,902319.7597086699
196,0,502.0899744955823,234272.543777229,902317.0776503592
197,0,446.7693227834534,234550.73390793076,902317.2516805847
198,0,121.3870888762176,234018.64725152918,902328.2912935592
199,0,116.61626252066344,234284.67909180524,902323.6838708965
200,0,238.781331227161,234561.86739646617,902315.449190929
201,-1,1051.181150236167,234137.01586940937,902307.7566939964
202,0,164.48014816641808,234293.78555551235,902322.0267839076
203,0,221.23344803834334,234569.31551949278,902314.1809474578
204,0,241.30818039597943,234576.78566089098,902312.9497960405
205,0,181.0533876386471,234305.0692023992,902320.1205687954
206,0,253.5929416033905,234584.7805918466,902311.8593517194
207,0,123.89423969015479,234017.5485317819,902321.9128548236
208,0,216.17641776707023,234200.3979810355,902318.2008100126
209,0,220.2192593878135,234333.00296750676,902314.7789282441
210,0,197.47801615810022,234216.01587988227,902295.8573009648
211,0,181.92716957931407,234222.0973650327,902294.9716235753
212,0,360.88246194063686,234230.76161058145,902293.4637116895
213,0,211.97226266749203,234294.81431758933,902303.4502526931
214,0,117.64370071981102,233980.6266843877,902303.2196496141
215,0,208.46481158863753,234338.39532398258,902302.2037749811
216,0,187.23963284958154,234239.52243335577,902291.9852695469
217,0,190.94379391451366,234245.59424379602,902291.0677697969
218,0,298.8268176136771,234297.34644004478,902290.5314099552
219,0,135.15167357958853,234464.48984555143,902291.0507288649
220,0,114.79395662993193,234012.1924150591,902297.0256256738
221,0,474.601567355101,234281.78496010698,902284.8337530548
222,0,139.68918983545154,234331.2691308307,902295.7962750216
223,0,121.2062202449888,233979.11652514103,902295.825223118
224,0,178.88366294978186,234471.57386797317,902289.3872846623
225,0,334.087338257581,234483.25225601363,902287.2021167492
226,0,402.4223643800942,234027.67462189993,902286.2370761328
227,0,102.42231092462316,234346.12784375268,902293.2742882043
228,0,483.07145149167627,234497.95718357677,902279.9778066524
229,0,186.4892829041928,234041.71358410112,902285.0108531474
230,0,127.69191572535783,234011.01713052788,902289.9761875635
231,0,145.50587431532767,234049.82345948645,902283.4417713174
232,0,122.09712130017579,233977.73309783306,902288.3144891728
233,0,369.0090836605523,234511.8353526098,902277.6037522247
234,0,107.92332676798105,234328.84508043487,902288.4364859763
235,0,775.1600266704336,234072.42686281577,902266.0199445924
236,0,567.1132601134013,234526.92693193155,902274.8853526019
237,0,336.82281956332736,234341.27165886006,902276.1480428176
238,0,176.10985379235353,234082.16030361506,902279.9886587698
239,0,179.39059069845825,234091.96927480825,902279.7145158688
240,0,445.2789698606357,234543.1684107488,902272.3152847552
241,0,127.67365140188485,234009.6790510797,902282.6840132448
242,0,80.34579879010562,234099.4310981708,902278.4962732779
243,0,383.46967868693173,234361.56512212698,902271.1949363041
244,0,117.5363095542416,234327.56546474932,902280.9407580849
245,0,379.4809312541038,234374.08028910524,902269.2917830161
246,0,207.70242765638977,234121.69319609544,902274.3973258391
247,0,220.2595633333549,234295.76667945972,902273.9925330052
248,0,161.11436212062836,234133.39864670948,902272.2724713001
249,0,264.3619790878147,234473.5811542422,902273.5090893249
250,0,120.00194393843412,234008.36138139284,902275.7232856858
251,0,455.7854544399306,234402.9806044512,902264.3064869522
252,0,477.6892820808571,234150.33372382243,902267.6973026304
253,0,104.91814921516925,234326.08181675326,902273.4983233897
254,1,5513.022657404363,234638.57625599802,902240.859631383
255,0,472.2892602222273,234418.03482688416,902261.6822818537
256,0,161.8885828856146,234327.92812605898,902266.1074286271
257,0,300.7933968324214,234466.28007460345,902262.855273764
258,0,227.78944534994662,234184.50203211527,902262.501782466
259,0,236.84174905298278,234194.89044075995,902253.1808952823
260,0,281.3102590679191,234480.5127882944,902251.8175287797
261,0,211.44897899311036,234124.6388205641,902261.4674422783
262,0,321.7651074095629,234204.21968118922,902251.590420757
263,0,264.3274267613888,234009.83818907832,902259.2834787357
264,0,391.67172445822507,234491.13034299828,902249.9811279298
265,0,574.9641748769209,234506.442244392,902247.3746117669
266,0,284.78108674287796,234432.43848790965,902253.3152097898
267,0,308.31619200110435,234224.7438911514,902248.1858140568
268,0,287.41886609606445,234234.70952487848,902246.4683447968
269,0,241.96197537705302,234717.8888363333,902254.5451724151
270,0,385.57799403648823,234521.72935341558,902244.6744428027
271,0,451.31146371364594,234147.08961247472,902249.057139396
272,0,530.8237187191844,234246.70360810455,902241.8844780726
273,0,199.33141154737677,234470.15998562955,902247.5087263964
274,0,182.28905005566776,234118.05421414218,902251.4548219055
275,0,381.78472186112776,234260.91105092433,902242.0086488293
276,0,128.32850622199476,234129.7545159292,902249.443293227
277,0,72.69014888163656,234182.90961146628,902252.985380667
278,0,111.71530316118151,233997.90522265655,902248.3727610232
279,0,163.4337074139621,234458.9495859906,902247.7319588962
280,0,213.83899751119316,234270.64609950938,902240.4207094372
281,1,6258.6906196644995,234768.08869955718,902216.8520665107
282,0,120.02893960662186,234005.0648738795,902247.0747510759
283,0,241.5897690919228,234278.0739501771,902239.311637679
284,0,178.39812221284956,234027.26849266817,902244.5368637573
285,0,122.5396980647929,234012.44881608983,902245.6478052173
286,0,241.08568815416947,234290.8061066213,902244.7052228717
287,0,232.43817682377994,234716.47899632572,902246.9805830438
288,0,178.07014643028378,234040.38459078537,902245.9600696063
289,0,106.50907646957785,234019.34138521217,902244.0727082881
290,0,70.60627609025687,234182.21704611217,902248.3837446762
291,0,349.6625271537341,234141.16223031815,902234.9793027781
292,0,457.8299761991948,234350.40288165896,902226.7196273801
293,0,142.59025139920413,234180.09749864886,902236.0335037225
294,0,453.782851876691,234563.2709005986,902230.8632874342
295,0,217.1365014971234,234361.47452475748,902224.7998322893
296,0,231.97055655764416,234195.18342273458,902230.910051794
297,0,240.73798506567255,234368.9743884151,902223.6648987837
298,0,233.20956015773118,234713.91057431395,902232.5344848557
299,0,469.23663750011474,234286.8079659535,902221.7136839032
300,0,463.13420717418194,234378.33031374982,902218.1026950668
301,0,468.44584307586774,234208.93920331242,902219.8169756739
302,0,377.82620548742125,234389.9775609279,902211.3864506664
303,0,329.71832485310733,234397.76901234634,902220.6982469411
304,0,587.6098151039332,234225.4150625345,902217.1980959679
305,0,90.82626879960299,234178.70474592806,902228.5450630684
306,0,192.6782358251512,234712.84322181338,902225.6970717729
307,0,119.1973132500425,234128.4471390285,902224.0965936504
308,0,143.02671092748642,234255.5725988703,902222.287082802
309,0,78.3254181155935,234177.9754483549,902223.0793487376
310,0,481.33560304896673,234269.4948431209,902209.5021192541
311,0,251.18639821000397,234238.99257559975,902212.4183369101
312,-1,2417.450197532773,233946.46872822728,902196.6229612626
313,4,8656.062370494008,234054.0847365729,902182.866846492
314,1,199.75555254146457,234711.8218007506,902219.4003780268
315,0,180.62358442414552,234452.85305257508,902213.5098032111
316,0,315.11268949415535,234462.02008367723,902209.0370499172
317,0,181.79525007680058,234176.34230837005,902214.74609861
318,0,415.3303794981912,234474.02569023476,902205.4932106929
319,0,453.2028442658484,234487.89797460483,902203.1408954313
320,0,70.63325039669871,234317.04851043428,902215.2372378152
321,0,431.5482854396105,234501.99796326965,902200.8153769552
322,4,255.23084971297067,234326.01116054406,902199.6082191431
323,0,243.52592355920933,234512.764358323,902199.1759523983
324,4,210.22457892424427,234333.55952336793,902199.0997682668
325,0,74.78045636974275,234316.0795506925,902210.4494260303
326,-1,2966.4181763679953,234541.7320173133,902180.3773158381
327,4,492.7147670730483,234344.68153254673,902196.6375438317
328,0,238.61742174820392,234356.4172266108,902195.0452955338
329,0,72.78107189573348,234315.16827972847,902205.6027284961
330,0,243.74890409363434,234364.1268152268,902193.5040811592
331,0,216.40066449623555,234283.1363103356,902198.9144671486
332,0,246.66489986609668,234313.5537043504,902194.9836491332
333,0,46.926710858009756,234450.4993437177,902199.8148153865
334,0,415.39512528292835,234136.33601228186,902190.9463837105
335,3,5216.876682288479,234625.29509207583,902164.7440193513
336,0,167.00377534143627,234370.99259975023,902188.4276153707
337,0,379.60267134802416,234382.7448625291,902186.5993592433
338,0,181.96155801136047,234454.8932236076,902191.4511858373
339,0,160.6442744806409,234394.37258835186,902184.7328851671
340,0,97.2038630307652,234167.20503309133,902187.141561401
341,0,356.7716985056177,234405.5162986851,902182.847491761
342,0,286.0121309906244,234173.5007835086,902179.1591565551
343,0,238.96139080775902,234181.7722199548,902177.7160477333
344,0,192.81866766698658,234421.12640076174,902185.0276906438
345,0,368.8471558345482,234191.35233581092,902176.0617672479
346,0,221.5807862984948,234465.80133824312,902175.880088669
347,0,363.36753797344863,234202.94829864215,902174.336795577
348,0,315.98480224004015,234474.68225484533,902174.5581700953
349,0,481.0752800744958,234216.27117237131,902172.0231776241
350,0,308.1099673220888,234485.00371195193,902172.9542134498
351,0,202.6232231464237,234453.20475051523,902181.6815993486
352,0,219.48247601091862,234493.7173111173,902171.3704046201
353,0,82.34265057556331,234228.50405002828,902176.7093055885
354,0,212.2211404433474,234500.8904751089,902170.3136084544
355,0,112.69013393949717,234139.5266285269,902180.2057406624
356,0,82.19779701367952,234232.91766965497,902175.8458361164
357,0,94.0559810702689,234237.35647593753,902174.443688016
358,0,213.04332812223583,234507.97089213616,902169.2815238413
359,0,91.6736622271128,234241.91434477974,902173.5485540769
360,0,206.51147916866466,234514.93319008677,902168.0201911192
361,0,87.3533873707056,234246.64796410588,902173.561836306
362,0,86.65295257046819,234251.33377728204,902172.8216678431
363,0,473.22378512937576,234261.8002259465,902164.6951668144
364,0,137.88124249409884,234419.32341004614,902173.795428595
365,0,464.56806173780933,234133.534479186,902167.3179212516
366,0,84.83908535912633,234164.71782438186,902171.7490521269
367,0,89.24134058877826,234273.0306794032,902170.0069908703
368,0,165.22997487778775,234280.52583118845,902168.9677703048
369,0,257.0150993540883,234451.2728537843,902169.9245279537
370,-1,4202.149203743786,233938.06550880254,902121.8768615667
371,0,414.9787187296897,234307.90415503713,902159.2691422489
372,0,148.59334248490632,234320.83884994994,902158.7262642381
373,0,112.7875747627113,234328.78678199908,902157.5849865213
374,0,468.1956061378587,234338.25470556674,902151.2944866898
375,0,82.17578567937016,234225.93339733745,902160.3878475928
376,0,135.9201569026336,234167.2671549647,902159.7212773772
377,0,87.2478411574848,234233.3724196099,902159.133907688
378,0,544.0634606789099,234353.64419224559,902146.4933260757
379,0,177.2767486628145,234244.99621061134,902157.2445844938
380,-1,10342.860730195418,234041.9893579828,902115.2181865576
381,0,397.3149222363718,234179.49863279445,902146.7593023865
382,0,471.06778957508504,234368.973456688,902146.1299363393
383,0,303.98523497837596,234194.88470640656,902150.4260753611
384,0,196.45943414233625,234275.30558281325,902153.1899549487
385,0,231.04232839646284,234380.2271809016,902143.9509528184
386,-1,160.08284576656297,234122.78036662625,902149.1585370622
387,0,231.40215205191635,234387.74555418256,902142.9942542247
388,-1,299.19014528393745,234134.32160823306,902147.0072059936
389,0,311.6104620024562,234213.63710443422,902143.8802278572
390,0,130.77315838634968,234395.2610423408,902145.9539665804
391,0,95.40990071184933,234165.95824504772,902152.264312086
392,0,129.35873306868598,234401.39819243032,902145.3037919916
393,0,944.0059909140691,234234.1425832996,902137.8209411007
394,0,130.84377965237945,234407.45067076923,902144.0899481389
395,0,130.4218877647072,234413.59670575173,902143.2347965745
396,0,111.2926579201594,234419.28422118071,902142.3906918028
397,0,224.97372365742922,234317.24791807868,902144.0208193581
398,0,460.47312641795725,234256.78609093998,902134.1887255164
399,0,76.44078931026161,234165.07340739938,902146.7445255314
400,0,102.58425186481327,234447.75342719015,902143.1125757879
401,0,235.42282687593251,234272.9816596667,902139.1232433539
402,0,159.35260690771975,234206.73512405498,902137.2190390378
403,0,202.9436139492318,234457.57997640668,902131.4786323952
404,0,191.0278254216537,234463.97947322822,902130.353774378
405,0,140.22029729466885,234191.44501650703,902137.2408791796
406,0,74.65150972362608,234163.6934072235,902141.7973643825
407,0,187.7782444190234,234470.1191191915,902129.1821653353
408,0,104.34401780273765,234199.1927922912,902136.0585187887
409,0,245.0582022788003,234477.16875165433,902127.9891484878
410,0,126.1960345194675,234306.79894915625,902138.0315741283
411,0,334.9875341076404,234486.64165270675,902126.5216552914
412,0,327.3145262034377,234497.41886421357,902124.657490464
413,0,73.4339103801176,234162.94370265614,902136.7489832385
414,0,245.04180949693546,234319.3891155134,902123.6393823593
415,0,234.37532802065834,234506.55763092876,902123.037328508
416,0,274.3659779711161,234327.70823863894,902121.2629062167
417,0,584.53999278415,234519.95013265155,902119.4427554165
418,0,133.11070514842868,234305.90721363106,902132.0009654745
419,0,88.19208231568336,234530.3615830474,902126.766329542
420,0,75.95717353187501,234535.82879436872,902125.8482989015
421,0,221.0634729284793,234397.5286412523,902125.3697947209
422,0,121.91357874125242,234270.91122200357,902127.543975115
423,0,68.3395205726847,234540.6492384834,902125.0746762516
424,0,77.60627832263708,234545.52924940677,902124.2488920246
425,0,183.21357578225434,234441.6574175484,902124.7770342907
426,0,76.1035941792652,234550.65436856364,902123.3965685877
427,0,389.2973608970642,234303.88898017036,902119.9250477026
428,0,47.78746139095165,234554.8845015227,902123.1163028571
429,0,91.6724801530363,234413.36169981977,902124.446027459
430,0,324.1156070753932,234380.98521298185,902113.1319669981
431,0,189.0104747787118,234115.39693959602,902114.8274768544
432,0,211.60827544436324,234576.30907056274,902117.2098824992
433,0,86.82701135089155,234129.49263576447,902122.2707759028
434,0,178.64989423565567,234351.69745474117,902114.2296276126
435,0,121.86912121914793,234585.2254531663,902115.5503498644
436,0,110.88347786851227,234269.75572878637,902120.0165063808
437,0,135.02956698118942,234595.26048643384,902117.2489960112
438,0,716.2073084653821,234464.61258593318,902099.3779132804
439,0,279.3427303400822,234181.88248655072,902099.9395814848
440,0,340.7758682621643,234191.88919116402,902098.2341097503
441,0,180.8494572378695,234404.93441153437,902107.4023188219
442,0,123.15535533986986,234593.33582169347,902107.1638225453
443,0,478.0670146094635,234483.84099326853,902095.9870595152
444,0,501.2164833853021,234205.48363060286,902095.7987886864
445,0,76.15373319759965,234126.95528565065,902108.1346116603
446,0,188.3342446712195,234266.97158371078,902093.5008795962
447,1,2035.4233067200985,234737.2902767005,902068.7169284895
448,0,140.01086163707078,234574.24224363823,902095.7612950279
449,0,93.25329841393977,234496.3606795919,902094.8800473319
450,0,283.71470640739426,234632.7456304609,902091.4991336403
451,0,139.99596619978547,234436.45950123292,902092.8207669206
452,0,148.7633191300556,234292.0593681209,902087.9761765221
453,0,218.46057388931513,234516.27841704615,902085.9206969161
454,0,234.4366966560483,234157.67346923426,902088.656073538
455,3,906.097512150649,234776.36613472595,902081.6190982843
456,0,160.80124107468873,234300.52952549385,902086.3620335739
457,4,144.35753470193595,234651.6714065775,902088.6284704575
458,3,921.3414483014494,234589.0730442583,902076.1523864774
459,0,623.0758432674338,234313.87561666348,902077.7939276341
460,0,247.3224637825042,234120.15569950367,902087.284734445
461,0,137.8893311638385,234572.56760408197,902088.2583629473
462,-1,160.59253553580493,234681.1335070141,902085.621725912
463,-1,1306.59458418563,234344.70382130187,902072.5572546205
464,0,100.27605664823204,234494.60998498238,902084.5462486118
465,0,176.49747077282518,234260.72527263,902082.0772918945
466,0,262.08656385168433,234628.03715075942,902079.6078221821
467,0,213.29595439042896,234168.7768456953,902071.8530677516
468,0,242.21308333985507,234569.896176371,902078.0991262017
469,0,220.88202162180096,234183.45709469114,902078.4348335456
470,0,193.01037346757948,234155.76840997298,902077.9153233806
471,0,310.6766604296863,234114.66006325043,902072.0354337313
472,0,324.4055437678471,234370.6376421086,902067.9347480766
473,0,271.1194912157953,234646.53536460415,902074.5970500878
474,0,131.7460327288136,234122.60803883563,902077.1862059591
475,0,385.88447839577566,234197.364785627,902066.2352682173
476,-1,967.6709806271829,234685.04022886607,902062.513782524
477,0,226.2582697821781,234244.8999548237,902070.7010350601
478,0,329.1404049308039,234209.03131645097,902064.45341027
479,0,136.00888572679833,234294.2170272142,902074.4565628269
480,0,198.0274235382676,234259.44111609078,902072.3582946043
481,0,288.86470128782094,234219.08334435028,902062.738254237
482,0,389.50287763401866,234230.12916451495,902061.0218192429
483,0,402.2444576360285,234433.11820770343,902062.9760413922
484,0,299.94881716556847,234154.25601780767,902065.7910636255
485,1,9952.940814763308,234040.2736921822,902030.8361185247
486,0,211.37115535140038,234626.08591864898,902067.6535175195
487,0,360.7275332733989,234180.5862418984,902063.6163197332
488,3,1504.922117125243,234771.18473800414,902051.4265872091
489,0,157.94335361663252,234292.79946709302,902066.1392467858
490,0,286.80111218523234,234446.7279788671,902055.9920041383
491,0,245.60195941478014,234396.72907844686,902064.1081443146
492,0,119.16045380802825,234639.30026153172,902061.4035007457
493,0,106.88161465432495,234259.81395573265,902063.2932665789
494,0,134.21522863488644,234648.37412234326,902059.8597333998
495,0,267.23699348839,234303.29696439765,902048.5848619235
496,0,108.72861909515632,234624.66967441392,902059.5886836306
497,0,144.51993954228237,234239.19931987976,902053.6344085862
498,0,112.63841526396573,234291.58421525394,902058.5053894857
499,0,282.12565205432475,234312.25842066822,902047.0710432231
500,0,143.29992492031306,234246.66306222003,902052.3976063136
501,0,296.5508388557937,234321.7661324251,902045.7265281765
502,0,113.58687297441065,234258.8956420632,902056.0363378797
503,0,257.817939914763,234514.94753372844,902052.1508827562
504,0,245.07324982620776,234394.7897508686,902053.6231214404
505,0,307.58170701097697,234331.61195308255,902043.7729826691
506,1,139.86597961350344,234528.147980439,902050.6607732414
507,0,281.9374076705426,234341.27366601178,902042.1660487824
508,0,199.14888019673526,234290.0800371532,902049.7848363236
509,0,216.1373910009861,234349.44798380684,902040.777619194
510,0,95.36721354559995,234557.21814982526,902050.4797700932
511,0,147.88175365841016,234359.9023394034,902047.0194903024
512,0,175.16043599694967,234257.1998568196,902046.7181304249
513,0,280.53340129414573,234368.14749232636,902037.6409113777
514,-1,2334.2974459715188,234574.2307306665,902017.1282420221
515,0,163.2198672471568,234556.53550825737,902042.4710145835
516,0,56.86567877372727,234282.9838140333,902041.107720236
517,0,126.74611409660429,234611.62498340712,902034.4706024342
518,0,91.91211845725775,234291.71568752197,902039.5012667791
519,0,170.27852228446864,234147.31718780758,902037.4418790338
520,0,172.04073782614432,234356.822272797,902032.5017743948
521,0,274.1535689327866,234621.4285905058,902032.5578567752
522,0,299.93113440740854,234432.1272851775,902027.3822633389
523,0,109.159414537251,234552.4576603157,902036.2607336248
524,0,117.67532164929435,234158.8270717631,902035.5549696954
525,0,144.36674091190798,234639.63502723954,902036.2558329363
526,0,82.76981730991974,234166.67827967615,902034.1119764199
527,1,3001.1406319616362,234168.87356319424,902004.4123083054
528,0,149.1670896532014,234548.6836201795,902030.0252636982
529,0,1870.284169042483,234675.34120904532,902004.2419967046
530,0,293.6818741671741,234638.01893474776,902026.0941626305
531,0,206.30502293724567,234210.0159502704,902026.3150046357
532,0,182.6159625230357,234421.61733418607,902023.1074810316
533,0,244.60428495705128,234155.7994210016,902025.0339231413
534,0,627.8125066764187,234238.87325041532,902021.2845103533
535,4,151.09335558768362,233795.88329779883,901618.1323547454
536,1,4127.879385803826,233961.42036872756,901632.728962383
537,1,7757.287395726889,234658.1057155614,901617.9125594269
538,-1,5472.859445317648,234382.8272417136,901964.3827231646
539,0,4569.761973451823,233942.3842670293,902265.0372954701
540,0,165.24411075748503,234544.23424644044,902022.1161148029
541,0,2501.9441460538656,234713.06728572873,901999.4704863107
542,0,233.85948063619435,234615.7729206689,902017.3974119914
543,0,119.95952658448368,234539.48864504366,902015.301053794
544,-1,1328.4732251372188,234295.72300800227,902003.287144629
545,1,1032.8862604498863,234227.6013141568,902007.4650887978
546,0,298.83041627146304,234635.69066274792,902012.2889266011
547,0,171.39908287581056,234496.4046264007,902007.1378609302
548,0,127.28618058655411,234535.65979531,902009.4967181294
549,0,295.7393660908565,234322.5098150574,901998.6757849788
550,0,180.931381450966,234614.29094955226,902006.9195323943
551,0,302.0840320819989,234332.4219042759,901997.1416943141
552,0,252.57573791698087,234348.36074459052,902003.0481728584
553,-1,188.4464387279004,234528.1072451727,902001.4402460004
554,0,460.66057143965736,234364.20181905347,901991.9032631192
555,0,178.54025764600374,234543.58748461134,901999.7816791395
556,0,282.0639108065516,234633.43705974895,901998.6449102274
557,0,315.2808072983753,234377.005788951,901989.9304936683
558,0,1857.8268093839288,234223.97128539765,901984.2254409652
559,-1,408.3378474207857,234611.79981061255,901992.0885849195
560,0,337.36905423458666,234387.71117127762,901988.0512142603
561,1,3806.207694388926,233977.9688151412,901964.8218492705
562,0,327.84518501907587,234345.99725836265,901988.3145980163
563,0,480.6494682361372,234431.31467238185,901980.9248961067
564,0,344.1460653366521,234445.0444636523,901978.6037957016
565,0,282.56075174175203,234631.1808061312,901985.2913615943
566,0,152.90354079939425,234455.35104396453,901984.2045903997
567,-1,1084.6985529419035,234286.1645485905,901973.9223280891
568,0,114.63999175373465,234467.15960084903,901985.9643769815
569,4,300.1472448334098,234474.90874827572,901979.9178376647
570,4,175.64857678255066,234514.69760040945,901976.9038698014
571,1,3637.6688638045453,234576.65470471818,901955.7368152133
572,0,88.77978227939457,234509.6129836073,901971.0954567489
573,0,241.3352381978184,234464.90288427373,901969.4979494131
574,0,93.52146560139954,234506.98040908482,901966.916181839
575,-1,7406.764621887356,234183.22305790594,901929.9914706865
576,0,94.04839532263577,234504.2984079444,901962.7803009958
577,0,90.27667665015906,234501.61496680407,901958.8704885406
578,1,5545.751623049378,234692.5185553028,901921.472363577
579,1,253.09305487945676,234448.10262926,901947.1828996646
580,1,7845.772706835531,234552.5559168445,901917.3795869937
581,0,266.62896436825395,234445.10755224118,901937.9066613396
582,-1,322.9327482213266,234745.2896838136,901927.922154235
583,4,0.621741232578643,233843.3288269462,901906.009363311
584,-1,4509.668238000013,233854.9792810678,901846.1588403811
585,1,7280.394692512229,234170.9946080502,901854.1447643015
586,1,1813.3752855174243,234667.6202967322,901864.3211437804
587,0,2804.8314221976325,234719.35841691552,901834.6742642096
588,3,909.8186676231344,234742.9476902355,901851.3705884272
589,-1,1908.915302310139,234662.58694901684,901834.234954488
590,1,4653.343226235127,233936.16405713445,901802.7395622183
591,-1,8292.651037409902,233970.775211084,901736.5751309568
592,1,5931.673101224005,234045.29666854267,901763.624001129
593,1,695.0635919868946,234384.06381943982,901800.0786916091
594,4,3746.402610734105,234652.84148554027,901773.5974284234
595,-1,3555.860751944594,234054.79298514465,901693.032983543
596,1,7119.3715389072895,233899.2710723035,901746.3503386984
597,0,2355.3183377338573,234702.3208398413,901765.5616721691
598,1,16689.5945412718,234152.90845133614,901726.1904153512
599,1,4000.707495723851,234433.07115432076,901726.4606152963
600,1,2408.349909134209,234023.123470187,901705.3856906822
601,1,5909.1106974855065,234668.80691759163,901687.4096115886
602,1,3384.8280889876187,233998.42864781647,901670.5709539969
603,-1,684.8031308315694,234047.20213281745,901632.5015074405
604,-1,2073.850805492606,234259.579808829,901559.96969795
605,-1,15794.587616725825,234602.74013626258,901486.4090229416
606,1,6738.385890247911,234650.02993539738,901543.0878117535
607,-1,718.1331605715677,234276.07343819248,901540.8125832153
608,1,7920.628155092243,234429.1753851768,901431.9369751507
609,1,7023.807167477906,234313.8144447855,901448.5057506069
610,-1,1894.5662912484258,234187.95764645978,901404.9013295398
611,1,6234.2010630220175,234573.3247854557,901391.1850496643
612,1,897.6901741405018,234404.4027752099,901400.9959818868
613,1,4594.089804142714,234402.04022810564,901659.7166106002
614,-1,543.9362449422479,234443.46612148287,901654.4148042402
615,-1,3163.563402498141,234473.22120257377,901649.026201841
616,-1,577.4410374155268,234503.169890037,901643.8674138939
617,1,4658.255165314302,234545.17151417237,901636.8921020977
618,-1,5657.537890026346,234528.39853162417,901539.6206546751
619,4,4532.667531570907,234362.87402516507,901530.16329429
620,-1,1296.531658555563,234351.8557390982,901595.7980935064
621,-1,3336.443615117336,234402.6661305183,901589.0783344737
622,-1,1169.8263595821336,234445.1647898316,901578.352344387
623,-1,3610.107437761879,234458.98108432445,901612.0103292817
624,1,3306.6672533731908,234483.2264836517,901571.9249116741
625,0,263.0169103012886,234351.038997883,902273.1564809462
626,0,308.4604500550777,234143.8255874963,902221.8988486067
627,4,3138.8093765750527,234752.96569068087,901984.5466032232
628,1,2739.0488221643027,234054.16693976926,901447.2564132469
629,-1,1367.5126285403967,234106.75968619663,901436.6371536196
630,1,3524.453176322859,233877.24619725926,901685.6251568745
631,-1,2860.262185882777,233856.9444298798,901608.5943308533
632,-1,572.2981290500611,233889.57736845734,901589.6534468376
633,0,176.49744764808565,234445.35265131376,902034.380100571
634,0,256.75293520558625,234104.07684318244,902343.5466504949
635,0,157.8981472714804,234092.6961790941,902351.3230322129
636,0,600.984213300515,234365.9574486492,902115.6829881544
637,0,10236.020905651763,234322.9350333055,901834.0001570869
638,0,497.7714802312548,234340.42553740836,902120.3528334288
639,-1,18003.092534014955,233898.84879560067,902027.4055293739
640,3,10015.032673528127,234014.50126118588,901880.3749562594
641,-1,23941.84309668094,234132.13390865814,901596.9632609779
642,3,565.2521309752483,234050.57431909756,902436.137070342
643,0,1363.9978708571216,234428.60369185114,902287.6935980034
644,0,220.90985605772585,234389.77844187868,902299.9362376123
645,0,387.2512913569808,234379.22292223223,902299.1228445659
646,0,573.8585220836103,234363.61878315714,902301.6814436245
647,0,250.14986389689147,234347.89395092716,902311.7224316598
648,0,298.65840844251215,234428.12414936945,902044.3904347711
649,-1,9110.221725724638,234536.70382176977,901866.8816083736
650,1,9660.75851235725,234528.95740652652,901794.2133438357
651,4,102.66131372377276,234033.7369037831,902441.8461911355
652,4,142.55673099481282,234075.33303417554,902434.7628587516
653,4,284.12863358156756,234099.26314206174,902429.9457938761
654,4,131.18030772404745,234110.351672634,902428.5036743871
655,0,93.4227337455377,234039.217395592,902429.8645404862
656,0,249.04909389838576,234243.42831588272,902400.0725083072
657,0,293.8756925598718,234255.47632284695,902403.1609299053
658,4,239.861242196057,234378.4983046734,902377.6318303486
659,3,935.4764585429803,234397.7605112084,902374.2147603267
660,0,782.0887731770054,234267.92308794358,902367.8012140351
661,0,2022.5025033238344,234047.24164009883,902339.160078938
662,0,134.65303681511432,234309.30982515123,902354.0525327694
663,0,207.3806198053062,234102.19482645302,902331.1081205955
664,0,140.4122238587588,234082.55397430112,902323.9694076142
665,0,212.33144534751773,234100.52733114234,902319.8039458819
666,0,342.4367395238951,234080.33072735317,902311.1343839541
667,0,281.3844055570662,234098.18552901383,902306.5306251319
668,0,237.30437781801447,234395.78209738553,902294.1425444132
669,0,254.86870598327368,234404.37277291677,902294.8623118368
670,0,346.1460194797255,234254.17180199188,902289.4286143569
671,0,159.65883803437464,234262.58924104914,902283.587202639
672,0,194.73967035172973,234553.29518542025,902270.3204109414
673,0,182.6412990214303,234570.5926173647,902279.7865387191
674,0,469.97136395052075,234387.94153250084,902266.8977677138
675,0,150.6988820079714,234569.60519498866,902273.205145337
676,0,316.3873443258926,234091.7283708778,902260.5103681498
677,0,153.1133320084773,234045.50102730317,902262.0556619529
678,0,151.35450535267591,234567.77419123848,902261.3300381819
679,0,176.65044773183763,234033.0353105386,902257.4800684133
680,0,298.6251283120364,234214.61899907017,902250.0575488599
681,0,149.36690583080053,234566.7669841454,902255.4274962709
682,0,750.9381048595533,234539.89784481475,902241.4365134443
683,0,151.30119241960347,234566.1379977279,902249.4082389462
684,0,178.4165710308589,234091.40680049572,902237.0065410242
685,0,178.74129680963233,234405.52640794197,902215.1154043553
686,0,179.4965382157825,234410.56974883165,902214.3698113038
687,0,176.91358661884442,234420.5665475343,902212.9059390147
688,0,344.3136472122278,234427.8401262953,902211.7360382432
689,0,155.77237781137228,234318.73757242403,902222.51788221
690,0,287.05492708133534,234192.42948435852,902215.1215925743
691,0,210.9629159332253,234248.18603832173,902208.3183945898
692,0,142.8903299914673,234257.88632766675,902206.6784812927
693,-1,7036.609538242221,234749.1499824144,902143.2566900005
694,0,404.0993225662969,234536.24231734677,902094.6296421919
695,0,107.26010140404105,234497.24860596462,901955.2308591255
696,1,3274.5001315783456,234374.0444297298,901891.7756447156
697,-1,6826.06239560619,234288.83849782078,901749.7432033562
698,-1,520.8690832281136,234366.90575636455,901735.4522517807
699,1,5028.283546946477,234524.64274646578,901711.8372392632
700,4,13299.04281770438,234280.0554361372,901658.1231110534
701,3,3147.094098871923,233925.13010660087,901570.1531911356
702,1,4941.8278696238995,233873.58780123392,901478.7363718334
703,4,4039.7951392618124,233824.1700753755,901501.7608602189
704,1,2543.0602558720857,234205.6583970506,901420.6369452043
705,-1,128.54175457777455,234435.46797232522,901521.8439326184
706,-1,5327.97858616896,234421.31891829113,901495.6545929088
707,4,2918.6758434548974,233915.33589401044,902305.5130689951
708,0,2506.4900768802036,234418.08017357573,901890.3116090422
709,-1,2437.9370642118156,234088.51967637416,901944.778056676
710,-1,3806.133947983384,234038.5233255191,901953.753107213
711,1,5898.636893268675,233881.66373060428,901541.4276267488
712,0,146.2861606106162,234252.90458534347,902388.1701713607
713,-1,6912.162280139251,234187.00468334666,901510.194563986
714,4,136.81677377363667,234228.99791518576,902407.6026445695
715,0,337.62435600627214,234268.64241724228,902398.2266841757
716,1,1395.2884682270233,234442.47085761544,902345.6258305843
717,-1,1820.3353208783083,234564.03899696312,902345.9272251647
718,4,1392.9521736688912,234150.67981489006,902340.6349899593
719,0,227.09088212467032,234084.10954435426,902333.9017549116
720,4,664.309105440625,234157.46233047507,902311.0366773449
721,0,291.48651621164754,234269.2815785015,902289.2305964296
722,0,265.6856159027666,234034.97503353658,902269.6747426712
723,0,226.10470528295264,234012.4024196151,902268.369595564
724,0,150.79090357758105,234568.78168731258,902267.2479494872
725,0,177.80785599071532,234415.60937618435,902213.7320635896
726,1,515.6561479862837,234700.41848877538,902172.9644157708
727,0,176.5938495537266,234441.93081169008,902137.7659925763
728,0,122.26678223954514,234524.92523541237,902081.585602422
729,0,756.1193834288279,234485.38481716567,902049.290203262
730,0,110.63572987401858,234502.82135327716,902054.1560683982
731,-1,6164.158563604861,234305.54467342782,901907.1367401975
732,3,5388.230909938924,234110.86419211462,901465.4193880061
733,1,1327.3549160761759,234472.40955902037,901513.7491037487
734,-1,3234.958555681864,234405.24071173312,901551.5757615131
735,1,912.8194783681538,234584.62376750205,901701.5826540967
736,0,127.25151260197163,234713.98208331084,902278.3745229795
737,0,79.84066241327673,234727.43140032628,902276.0557781238
738,0,210.5553883407265,234720.6957514563,902284.9956621332
739,3,208.4257687740028,234721.84720491612,902292.6008154984
740,4,6818.509181994246,234775.55232650114,902296.6058417949
741,-1,63.569896433735266,234697.79983675297,901390.8291657637
742,1,1529.5211398061365,234754.0301521882,901907.7490704844
743,4,3692.9548486210406,234372.55830733725,901432.4012758781
744,4,1339.5604703752324,234732.36945519503,901760.5352500309
745,0,1467.4818792454898,233968.50830644087,901500.753475873
746,1,4162.055666465312,234016.49198146595,901517.2466977527
747,1,4582.860668791807,233986.3144896607,901459.9134733082
748,-1,17.63852044986561,234061.01420740303,901515.2761529969
